study_id,site_id,core_id,horizon_id,data_type,habitat,country,admin_division,high_accretion,low_accretion,carbon_density,low_CAR,high_CAR,carbon_accumulation_mean,carbon_accumulation_upper_CI,carbon_accumulation_lower_CI
Abbott_et_al_2019,1983,1983-1,hh_1,horizon,marsh,United States,Louisiana,0.3125,0.296875,0.016100237409028384,47.797579808053015,50.3132419032137,49.055410855633355,50.25035035083469,47.86047136043203
Abbott_et_al_2019,1983,1983-2,hh_1,horizon,marsh,United States,Louisiana,0.5,0.484375,0.014680663934839354,71.10946593437812,73.40331967419677,72.25639280428744,73.3459733307013,71.16681227787359
Abbott_et_al_2019,1983,1983-3,hh_1,horizon,marsh,United States,Louisiana,0.375,0.359375,0.010102799008054508,36.306933935195886,37.8854962802044,37.09621510770015,37.846032221579186,36.3463979938211
Abbott_et_al_2019,1983,1983-4,hh_1,horizon,marsh,United States,Louisiana,0.4375,0.421875,0.017681995166494508,74.5959171086487,77.35872885341348,75.9773229810311,77.28965855979436,74.66498740226783
Abbott_et_al_2019,1983,1983-5,hh_1,horizon,marsh,United States,Louisiana,0.5,0.484375,0.010954699723372232,53.06182678508425,54.77349861686116,53.917662700972706,54.73070682106674,53.10461858087867
Abbott_et_al_2019,1983,1983-6,hh_1,horizon,marsh,United States,Louisiana,0.5,0.484375,0.015232684528255894,73.78331568373949,76.16342264127947,74.97336916250947,76.10391996734097,73.84281835767798
Abbott_et_al_2019,1996,1996-1,hh_1,horizon,marsh,United States,Louisiana,0.5,0.475,0.01344947899860919,63.88502524339364,67.24739499304594,65.5662101182198,67.16333574930464,63.96908448713495
Abbott_et_al_2019,1996,1996-2,hh_1,horizon,marsh,United States,Louisiana,0.4,0.375,0.012595018770528182,47.231320389480686,50.38007508211273,48.80569773579671,50.30135621479693,47.310039256796486
Abbott_et_al_2019,1996,1996-3,hh_1,horizon,marsh,United States,Louisiana,0.3,0.275,0.010903293193093539,29.984056281007234,32.70987957928062,31.346967930143926,32.64173399682378,30.05220186346407
Abbott_et_al_2019,1996,1996-4,hh_1,horizon,marsh,United States,Louisiana,0.3,0.275,0.01754798030473866,48.25694583803132,52.643940914215975,50.450443376123644,52.534266037311355,48.366620714935934
Abbott_et_al_2019,1996,1996-5,hh_1,horizon,marsh,United States,Louisiana,0.4,0.375,0.016077767971592254,60.29162989347095,64.31107188636902,62.30135088991999,64.21058583654657,60.3921159432934
Abbott_et_al_2019,1996,1996-6,hh_1,horizon,marsh,United States,Louisiana,0.2,0.175,0.015839014323401634,27.71827506595286,31.67802864680327,29.698151856378065,31.57903480728201,27.81726890547412
Abbott_et_al_2019,C1,C1-1,hh_1,horizon,marsh,United States,Louisiana,0.4615384615384616,0.4230769230769231,0.014688390475025761,62.143190471262834,67.79257142319584,64.96788094722933,67.6513368993975,62.28442499506116
Abbott_et_al_2019,C1,C1-2,hh_1,horizon,marsh,United States,Louisiana,0.4615384615384616,0.4230769230769231,0.017350631618711553,73.40651838685656,80.07983824020718,76.74317831353187,79.91300524387341,73.57335138319033
Abbott_et_al_2019,C1,C1-3,hh_1,horizon,marsh,United States,Louisiana,0.4615384615384616,0.4230769230769231,0.015649346728656092,66.20877462123731,72.2277541322589,69.2182643767481,72.07727964448335,66.35924910901285
Abbott_et_al_2019,C1,C1-4,hh_1,horizon,marsh,United States,Louisiana,0.6153846153846154,0.5769230769230769,0.009750302741139071,56.251746583494636,60.00186302239428,58.12680480294446,59.90811011142179,56.34549949446713
Abbott_et_al_2019,C1,C1-5,hh_1,horizon,marsh,United States,Louisiana,0.6153846153846154,0.5769230769230769,0.014911184346158414,86.0260635355293,91.76113443789792,88.89359898671361,91.6177576653387,86.16944030808853
Abbott_et_al_2019,C1,C1-6,hh_1,horizon,marsh,United States,Louisiana,0.6153846153846154,0.5769230769230769,0.010790094484766801,62.25054510442385,66.40058144471878,64.32556327457132,66.2968305362114,62.35429601293122
Abbott_et_al_2019,C2,C2-1,hh_1,horizon,marsh,United States,Louisiana,0.8,0.7,0.00957561114164332,67.02927799150324,76.60488913314657,71.81708356232491,76.36549885460549,67.26866827004432
Abbott_et_al_2019,C2,C2-2,hh_1,horizon,marsh,United States,Louisiana,0.4,0.3,0.02167358809457572,65.02076428372716,86.69435237830288,75.85755833101501,86.15251267593848,65.56260398609156
Abbott_et_al_2019,C2,C2-3,hh_1,horizon,marsh,United States,Louisiana,0.4,0.3,0.004655895762584669,13.967687287754007,18.623583050338677,16.295635169046342,18.50718565627406,14.084084681818624
Abbott_et_al_2019,C2,C2-4,hh_1,horizon,marsh,United States,Louisiana,0.4,0.3,0.008620807828177904,25.86242348453371,34.48323131271162,30.172827398622665,34.26771111700717,26.077943680238157
Abbott_et_al_2019,C2,C2-5,hh_1,horizon,marsh,United States,Louisiana,0.4,0.3,0.009361796196197938,28.085388588593812,37.44718478479176,32.76628668669279,37.21313987988681,28.31943349349876
Abbott_et_al_2019,C2,C2-6,hh_1,horizon,marsh,United States,Louisiana,0.4,0.3,0.006495251117788866,19.485753353366597,25.98100447115547,22.73337891226103,25.818623193210748,19.64813463131132
Abbott_et_al_2019,C3,C3-1,hh_1,horizon,marsh,United States,Louisiana,0.5,0.4375,0.010190543172555869,44.58362637993193,50.95271586277934,47.768171121355635,50.79348862570816,44.742853617003114
Abbott_et_al_2019,C3,C3-2,hh_1,horizon,marsh,United States,Louisiana,0.5,0.4375,0.010404747008254759,45.52076816111457,52.023735041273795,48.772251601194185,51.86116086926982,45.683342333118546
Abbott_et_al_2019,C3,C3-3,hh_1,horizon,marsh,United States,Louisiana,0.5,0.4375,0.0036408977678520135,15.928927734352557,18.20448883926007,17.066708286806314,18.14759981163738,15.985816761975245
Abbott_et_al_2019,C3,C3-4,hh_1,horizon,marsh,United States,Louisiana,0.75,0.6875,0.009056080061366238,62.26055042189289,67.92060046024677,65.09057544106983,67.77909920928792,62.402051672851734
Abbott_et_al_2019,C3,C3-5,hh_1,horizon,marsh,United States,Louisiana,0.75,0.6875,0.013224009818448635,90.91506750183437,99.18007363836476,95.04757057009957,98.9734484849515,91.12169265524763
Abbott_et_al_2019,C3,C3-6,hh_1,horizon,marsh,United States,Louisiana,0.75,0.6875,0.012469552151707856,85.7281710429915,93.52164113780893,89.62490609040022,93.32680438543849,85.92300779536194
Baustian_et_al_2021,Barataria basin,175,cs137_1,cs137,marsh,United States,Louisiana,0.4230769230769231,0.2692307692307692,0.027659793582508398,74.4686750298303,117.02220361830476,95.74543932406752,115.9583654035929,75.53251324454216
Baustian_et_al_2021,Barataria basin,224,cs137_1,cs137,marsh,United States,Louisiana,0.5,0.34615384615384615,0.05251123707954,181.7696668137923,262.5561853977,222.16292610574615,260.5365224331023,183.78932977839
Baustian_et_al_2021,Barataria basin,225,cs137_1,cs137,marsh,United States,Louisiana,0.9615384615384616,0.5769230769230769,0.05439510948529171,313.8179393382214,523.0298988970357,418.42391911762854,517.7995999080653,319.0482383271917
Baustian_et_al_2021,Barataria basin,253,cs137_1,cs137,marsh,United States,Louisiana,1.1538461538461535,0.4615384615384616,0.0427861656256822,197.47461058007173,493.68652645017914,345.58056851512544,486.28122855342644,204.87990847682443
Baustian_et_al_2021,Barataria basin,3166,cs137_1,cs137,marsh,United States,Louisiana,0.8076923076923077,0.4230769230769231,0.06085562299607874,257.46609729110236,491.52618573755905,374.4961415143307,485.67468352639764,263.31759950226376
Baustian_et_al_2021,Barataria basin,3565,cs137_1,cs137,marsh,United States,Louisiana,0.7307692307692307,0.4230769230769231,0.03736790604444,158.09498711109228,273.07315955552303,215.58407333330766,270.1987052444123,160.96944142220306
Baustian_et_al_2021,Barataria basin,4245,cs137_1,cs137,marsh,United States,Louisiana,1.1538461538461535,0.4615384615384616,0.0722272998235047,333.3567684161756,833.3919210404387,583.3743447283072,820.8910422248321,345.8576472317822
Baustian_et_al_2021,Terrebonne basin,309,cs137_1,cs137,marsh,United States,Louisiana,0.7307692307692307,0.34615384615384615,0.03449595332077514,119.40906918729856,252.08581272874136,185.74744095801995,248.7688941402053,122.72598777583462
Baustian_et_al_2021,Terrebonne basin,398,cs137_1,cs137,marsh,United States,Louisiana,1.1538461538461535,0.7692307692307693,0.0419788774682891,322.9144420637623,484.37166309564327,403.6430525797028,480.33523256984626,326.9508725895593
Baustian_et_al_2021,Terrebonne basin,399,cs137_1,cs137,marsh,United States,Louisiana,0.9615384615384616,0.4230769230769231,0.0334850815435246,141.66765268414255,321.9719379185058,231.81979530132418,317.4643307876467,146.17525981500162
Baustian_et_al_2021,Terrebonne basin,4455,cs137_1,cs137,marsh,United States,Louisiana,0.9615384615384616,0.6153846153846154,0.0296653652272074,182.5560937058917,285.24389641545577,233.89999506067375,282.67670134771663,185.1232887736308
Boyd_2012,Blackbird_Creek_Marsh,BBRC1,cs137_1,cs137,marsh,United States,Delaware,0.34782608695652173,0.21739130434782608,0.04236139821799877,92.08999612608429,147.34399380173485,119.71699496390957,145.96264385984358,93.47134606797555
Boyd_2012,Blackbird_Creek_Marsh,BBRC2,cs137_1,cs137,marsh,United States,Delaware,0.2608695652173913,0.13043478260869565,0.036850567851077196,48.06595806662243,96.13191613324486,72.09893709993364,94.9302671815793,49.26760701828799
Boyd_2012,Broad_Dyke_Marsh,NCBD1,cs137_1,cs137,marsh,United States,Delaware,0.3333333333333333,0.20833333333333337,0.06027317911313604,125.56912315236677,200.9105970437868,163.23986009807678,199.02706019650128,127.45265999965227
Boyd_2012,Broad_Dyke_Marsh,NCBD2,cs137_1,cs137,marsh,United States,Delaware,0.5957446808510638,0.46808510638297873,0.03968770399761721,185.77223147820823,236.43738551771952,211.10480849796386,235.17075666673173,187.038860329196
Boyd_2012,Broad_Dyke_Marsh,NCBD3,cs137_1,cs137,marsh,United States,Delaware,0.425531914893617,0.2978723404255319,0.06357823883311378,189.3819880135304,270.5456971621863,229.96384258785832,268.51660443346987,191.41108074224678
Boyd_2012,Buttonwood_Marsh,NCBW3,cs137_1,cs137,marsh,United States,Delaware,0.3404255319148936,0.2127659574468085,0.04778912091496652,101.67898067014153,162.68636907222643,132.18267487118396,161.1611843621743,103.20416538019364
Boyd_2012,Gambacorta_Marsh,NCGB1,cs137_1,cs137,marsh,United States,Delaware,0.7659574468085106,0.6382978723404256,0.03960660305738779,252.80810462162424,303.36972554594905,278.0889150837867,302.10568502284093,254.07214514473236
Boyd_2012,Gambacorta_Marsh,NCGB2,cs137_1,cs137,marsh,United States,Delaware,0.2553191489361702,0.1276595744680851,0.05619310122833103,71.73587390850768,143.47174781701537,107.60381086276152,141.67835096930267,73.52927075622037
Boyd_2012,Gambacorta_Marsh,NCGB3,cs137_1,cs137,marsh,United States,Delaware,0.425531914893617,0.2978723404255319,0.05372243088998453,160.02426222548584,228.60608889355123,194.31517555951854,226.8915432268496,161.73880789218748
Boyd_2012,Little_Creek_Marsh,LC2,cs137_1,cs137,marsh,United States,Delaware,0.3333333333333333,0.20833333333333337,0.02562021353157201,53.3754448574417,85.4007117719067,69.3880783146742,84.60008009904507,54.17607653030333
Boyd_2012,Lukens_Marsh,NCLM1,cs137_1,cs137,marsh,United States,Delaware,0.7659574468085106,0.6382978723404256,0.04730574480389002,301.9515625780214,362.3418750936257,332.14671883582355,360.8321172807356,303.4613203909115
Boyd_2012,Lukens_Marsh,NCLM3,cs137_1,cs137,marsh,United States,Delaware,0.7659574468085106,0.6382978723404256,0.04898741982567377,312.68565846174744,375.2227901540969,343.9542243079222,373.65936186178817,314.2490867540562
Boyd_2012,Pickering_Beach_Marsh,PK1,cs137_1,cs137,marsh,United States,Delaware,0.5,0.375,0.052446505795537106,196.67439673326413,262.23252897768555,229.45346285547484,260.593575671575,198.31335003937465
Boyd_2012,Pickering_Beach_Marsh,PK2,cs137_1,cs137,marsh,United States,Delaware,1.0833333333333333,0.9583333333333334,0.040862394496078806,391.5979472540886,442.675940374187,417.1369438141378,441.39899054618456,392.874897082091
Boyd_2012,Pickering_Beach_Marsh,PK3,cs137_1,cs137,marsh,United States,Delaware,0.75,0.625,0.03676643174541916,229.79019840886974,275.74823809064367,252.7692182497567,274.59928709859935,230.9391494009141
Boyd_2012,Port_Mahon_Marsh,MH3,cs137_1,cs137,marsh,United States,Delaware,0.16666666666666666,0.04166666666666666,0.036614008203659724,15.255836751524882,61.023347006099534,38.13959187881221,59.87915924973517,16.40002450788925
Boyd_2012,Rivers_Edge_Marsh,NCRE1,cs137_1,cs137,marsh,United States,Delaware,1.1063829787234043,0.9787234042553192,0.04062689140385498,397.62489459092114,449.4890112766935,423.55695293380734,448.1924083595492,398.92149750806544
Boyd_2012,Rivers_Edge_Marsh,NCRE2,cs137_1,cs137,marsh,United States,Delaware,0.851063829787234,0.723404255319149,0.041249407407940177,298.39996848297153,351.0587864505547,324.72937746676314,349.7423160013651,299.7164389321611
Boyd_2012,Rivers_Edge_Marsh,NCRE3,cs137_1,cs137,marsh,United States,Delaware,0.7659574468085106,0.6382978723404256,0.04763389959119036,304.0461676033427,364.8554011240113,334.45078436367703,363.33517028599454,305.5663984413594
Boyd_2012,Ted_Harvey_Conservation_Area,TH2,cs137_1,cs137,marsh,United States,Delaware,0.16666666666666666,0.04166666666666666,0.03780798993398474,15.753329139160304,63.01331655664122,39.383322847900764,61.8318168712042,16.934828824597325
Boyd_2012,Ted_Harvey_Conservation_Area,TH3,cs137_1,cs137,marsh,United States,Delaware,0.3333333333333333,0.20833333333333337,0.04335854508597473,90.33030226244738,144.52848361991576,117.42939294118156,143.17352908597906,91.68525679638408
Boyd_2012,Ted_Harvey_Conservation_Area,TH4,cs137_1,cs137,marsh,United States,Delaware,0.25,0.125,0.037273032311629505,46.59129038953688,93.18258077907376,69.88693558430532,92.01779851933534,47.7560726492753
Boyd_2012,Ted_Harvey_Conservation_Area,TH5,cs137_1,cs137,marsh,United States,Delaware,0.4166666666666667,0.2916666666666667,0.039775341296763154,116.01141211555921,165.73058873651317,140.87100042603618,164.48760932098932,117.25439153108306
Boyd_2012,Ted_Harvey_Conservation_Area,TH6,cs137_1,cs137,marsh,United States,Delaware,0.16666666666666666,0.04166666666666666,0.038567497663353253,16.06979069306385,64.27916277225542,40.174476732659635,63.073928470275625,17.27502499504364
Boyd_and_Sommerfield_2016,Prime_Hook_National_Wildlife_Refuge,PM1,cs137_1,cs137,marsh,United States,Delaware,0.5217391304347826,0.391304347826087,0.03884984262673694,152.02112332201412,202.69483109601882,177.35797720901647,201.4279884016687,153.28796601636424
Boyd_and_Sommerfield_2016,Prime_Hook_National_Wildlife_Refuge,PM10,cs137_1,cs137,marsh,United States,Delaware,0.4166666666666667,0.2916666666666667,0.046227766006849996,134.83098418664582,192.61569169520834,163.72333794092708,191.17107400749427,136.2756018743599
Boyd_and_Sommerfield_2016,Prime_Hook_National_Wildlife_Refuge,PM11,cs137_1,cs137,marsh,United States,Delaware,0.5,0.375,0.046276078137044506,173.53529301391688,231.38039068522252,202.45784184956972,229.9342632434399,174.98142045569952
Boyd_and_Sommerfield_2016,Prime_Hook_National_Wildlife_Refuge,PM2,cs137_1,cs137,marsh,United States,Delaware,0.34782608695652173,0.21739130434782608,0.06730946807701635,146.32493060220943,234.11988896353512,190.22240978287226,231.92501500450197,148.51980456124258
Boyd_and_Sommerfield_2016,Prime_Hook_National_Wildlife_Refuge,PM3,cs137_1,cs137,marsh,United States,Delaware,0.17391304347826086,0.04347826086956521,0.044895515935138394,19.51978953701669,78.07915814806677,48.79947384254173,76.61517393279051,20.98377375229294
Boyd_and_Sommerfield_2016,Prime_Hook_National_Wildlife_Refuge,PM4,cs137_1,cs137,marsh,United States,Delaware,0.17391304347826086,0.04347826086956521,0.06850145464585931,29.78324115037361,119.13296460149445,74.45810287593403,116.89922151521642,32.01698423665163
Boyd_and_Sommerfield_2016,Prime_Hook_National_Wildlife_Refuge,PM5,cs137_1,cs137,marsh,United States,Delaware,0.2608695652173913,0.13043478260869565,0.04843743180268956,63.17925887307333,126.35851774614666,94.76888830960999,124.77903627431982,64.75874034490016
Boyd_and_Sommerfield_2016,Prime_Hook_National_Wildlife_Refuge,PM6,cs137_1,cs137,marsh,United States,Delaware,0.3333333333333333,0.20833333333333337,0.042717877502267056,88.99557812972304,142.39292500755684,115.69425156863994,141.057991335611,90.33051180166889
Boyd_and_Sommerfield_2016,Prime_Hook_National_Wildlife_Refuge,PM7,cs137_1,cs137,marsh,United States,Delaware,0.5957446808510638,0.46808510638297873,0.0321765368265307,150.61357663482454,191.6900066261403,171.15179163048242,190.6630958763574,151.64048738460744
Boyd_and_Sommerfield_2016,Prime_Hook_National_Wildlife_Refuge,PM8,cs137_1,cs137,marsh,United States,Delaware,0.1702127659574468,0.0425531914893617,0.0633607708838827,26.962030163354342,107.84812065341737,67.40507540838585,105.82596839116579,28.98418242560592
Boyd_and_Sommerfield_2016,Prime_Hook_National_Wildlife_Refuge,PM9,cs137_1,cs137,marsh,United States,Delaware,0.25,0.125,0.04202318654904094,52.528983186301176,105.05796637260235,78.79347477945177,103.74474179294482,53.842207765958705
Boyd_et_al_2017,Channel_Creek,CC1,cs137_1,cs137,marsh,United States,New Jersey,0.32653061224489793,0.2857142857142857,0.04718119573485714,134.80341638530612,154.0610472974927,144.4322318413994,153.57960652468805,135.28485715811078
Boyd_et_al_2017,Channel_Creek,CC2,cs137_1,cs137,marsh,United States,New Jersey,0.3673469387755102,0.32653061224489793,0.0481562425125,157.2448735102041,176.9004826989796,167.07267810459183,176.4090924692602,157.7362637399235
Boyd_et_al_2017,Channel_Creek,CC3,cs137_1,cs137,marsh,United States,New Jersey,0.3673469387755102,0.32653061224489793,0.04409654250225001,143.98871021142858,161.98729898785717,152.98800459964286,161.53733426844644,144.43867493083928
Boyd_et_al_2017,Dennis_Creek,DN1,cs137_1,cs137,marsh,United States,New Jersey,0.4489795918367347,0.40816326530612246,0.044536322832,181.78090951836737,199.9590004702041,190.86995499428573,199.5045481964082,182.23536179216327
Boyd_et_al_2017,Dennis_Creek,DN2,cs137_1,cs137,marsh,United States,New Jersey,0.7755102040816326,0.7346938775510204,0.03738641292955556,274.6756868293878,289.9354472087982,282.305567019093,289.55395319931296,275.0571808388731
Boyd_et_al_2017,Dennis_Creek,DN3,cs137_1,cs137,marsh,United States,New Jersey,0.7755102040816326,0.7346938775510204,0.034860990318111115,256.1215615208164,270.3505371608617,263.23604934083903,269.9948127698606,256.4772859118175
Boyd_et_al_2017,Dividing_Creek,DV1,cs137_1,cs137,marsh,United States,New Jersey,0.4489795918367347,0.40816326530612246,0.036555483591800005,149.20605547673472,164.12666102440818,156.66635825057145,163.75364588571634,149.57907061542656
Boyd_et_al_2017,Dividing_Creek,DV2,cs137_1,cs137,marsh,United States,New Jersey,0.8163265306122449,0.7755102040816326,0.033697598314,261.3283134555102,275.08243521632653,268.20537433591835,274.7385821723061,261.67216649953065
Boyd_et_al_2017,Dividing_Creek,DV3,cs137_1,cs137,marsh,United States,New Jersey,0.3673469387755102,0.32653061224489793,0.039354967492750005,128.50601630285715,144.56926834071433,136.53764232178574,144.1676870397679,128.90759760380357
Boyd_et_al_2017,Island_Beach_State_Park,IB1,cs137_1,cs137,marsh,United States,New Jersey,0.32653061224489793,0.2857142857142857,0.043572058595714294,124.49159598775512,142.27610970029156,133.38385284402335,141.83149685747816,124.93620883056853
Boyd_et_al_2017,Island_Beach_State_Park,IB2,cs137_1,cs137,marsh,United States,New Jersey,0.2857142857142857,0.24489795918367344,0.039195160489666675,95.98814813795919,111.98617282761907,103.98716048278914,111.58622221037757,96.38809875520069
Boyd_et_al_2017,Island_Beach_State_Park,IB3,cs137_1,cs137,marsh,United States,New Jersey,0.24489795918367344,0.20408163265306123,0.0641168028468,130.85061805469388,157.02074166563264,143.93567986016325,156.36648857535917,131.50487114496735
Boyd_et_al_2017,Maurice_River,MR1,cs137_1,cs137,marsh,United States,New Jersey,0.9387755102040816,0.8979591836734694,0.041090984907454546,368.98027263836735,385.7521032128386,377.36618792560296,385.33280744847684,369.39956840272913
Boyd_et_al_2017,Maurice_River,MR2,cs137_1,cs137,marsh,United States,New Jersey,1.0612244897959184,1.020408163265306,0.033972867591760006,346.66191420163267,360.52839076969804,353.5951524856654,360.1817288554964,347.00857611583433
Boyd_et_al_2017,Reedy_Creek,RC1,cs137_1,cs137,marsh,United States,New Jersey,0.24489795918367344,0.20408163265306123,0.040531470288000006,82.71728630204082,99.26074356244898,90.9890149322449,98.84715713093877,83.13087273355103
Boyd_et_al_2017,Reedy_Creek,RC2,cs137_1,cs137,marsh,United States,New Jersey,0.20408163265306123,0.16326530612244897,0.0354922302605,57.94649838448979,72.43312298061225,65.18981068255103,72.07095736570919,58.308663999392856
Boyd_et_al_2017,Reedy_Creek,RC3,cs137_1,cs137,marsh,United States,New Jersey,0.2857142857142857,0.24489795918367344,0.03928817035400001,96.21592739755103,112.25191529714287,104.23392134734695,111.85101559965308,96.61682709504082
Breithaupt_et_al_2014,WSC-5,SH3-3,cs137_1,cs137,mangrove,United States,Florida,0.2553191489361702,0.23404255319148937,0.037846759347350364,88.57752187677745,96.6300238655754,92.60377287117643,96.42871131585545,88.7788344264974
Breithaupt_et_al_2014,WSC-5,SH3-9,cs137_1,cs137,mangrove,United States,Florida,0.3191489361702128,0.2978723404255319,0.04067899027793572,121.17146040236173,129.82656471681614,125.49901255958893,129.6101871089548,121.38783801022309
Breithaupt_et_al_2020,NMg,UFU1A,cs137_1,cs137,mangrove,United States,Florida,0.3148148148148148,0.2962962962962963,0.036690909090909093,108.7138047138047,115.50841750841752,112.11111111111111,115.3385521885522,108.88367003367003
Carlin_et_al_2021,ELM1812,ELM1812-SPA2,cs137_1,cs137,marsh,United States,California,0.2727272727272727,0.2545454545454545,0.01598051338095238,40.677670424242415,43.5832183116883,42.13044436796535,43.51057961450215,40.750309121428565
Craft_2007,Altamaha_River,Altamaha_River_Site_7_Levee,cs137_1,cs137,marsh,United States,Georgia,0.47368421052631576,0.42105263157894735,0.022789725875,95.95674052631578,107.95133309210526,101.95403680921052,107.65146827796052,96.25660534046052
Craft_2007,Altamaha_River,Altamaha_River_Site_7_Plain,cs137_1,cs137,marsh,United States,Georgia,0.3684210526315789,0.3157894736842105,0.034096128,107.67198315789474,125.61731368421054,116.64464842105264,125.16868042105264,108.12061642105265
Craft_2007,Altamaha_River,Altamaha_River_Site_8_Levee,cs137_1,cs137,marsh,United States,Georgia,0.5263157894736842,0.47368421052631576,0.03127138533333333,148.12761473684208,164.5862385964912,156.35692666666665,164.17477299999996,148.53908033333332
Craft_2007,Doboy_Sound,Doboy_Sound_Site_4_Levee,cs137_1,cs137,marsh,United States,Georgia,0.10526315789473684,0.05263157894736842,0.017159534,9.031333684210527,18.062667368421053,13.54700052631579,17.83688402631579,9.25711702631579
Craft_2007,Doboy_Sound,Doboy_Sound_Site_6_Levee,cs137_1,cs137,marsh,United States,Georgia,0.15789473684210523,0.10526315789473684,0.028730496,30.242627368421054,45.36394105263157,37.803284210526314,44.985908210526304,30.620660210526317
Drexler_et_al_2013,Bird_Field,Bird_Field_1,cs137_1,cs137,marsh,United States,South Carolina,0.1702127659574468,0.1276595744680851,0.023396666666666666,29.868085106382978,39.824113475177306,34.846099290780145,39.575212765957446,30.116985815602835
Drexler_et_al_2013,Coastal_EDU_Field,Coastal_EDU_Field_1,cs137_1,cs137,marsh,United States,South Carolina,0.8297872340425532,0.7659574468085106,0.026320833333333335,201.60638297872342,218.40691489361703,210.00664893617022,217.98690159574468,202.02639627659576
Drexler_et_al_2013,Coastal_EDU_Field,Coastal_EDU_Field_2,cs137_1,cs137,marsh,NA,NA,1.0212765957446808,0.9574468085106383,0.025191333333333333,241.1936170212766,257.2731914893617,249.23340425531916,256.87120212765956,241.59560638297873
Drexler_et_al_2013,Hasty_Point_Managed_Shallow,Hasty_Point_Managed_Shallow_2,cs137_1,cs137,marsh,United States,South Carolina,0.2127659574468085,0.1702127659574468,0.036055000000000004,61.37021276595745,76.71276595744682,69.04148936170213,76.32920212765958,61.75377659574468
Drexler_et_al_2013,Sandy_Island_Deeply_Flooded,Sandy_Island_Deeply_Flooded_1,cs137_1,cs137,marsh,United States,South Carolina,0.574468085106383,0.5106382978723404,0.012288750000000001,62.751063829787235,70.59494680851066,66.67300531914894,70.39884973404257,62.94716090425532
Drexler_et_al_2013,Sandy_Island_Deeply_Flooded,Sandy_Island_Deeply_Flooded_2,cs137_1,cs137,marsh,United States,South Carolina,0.5106382978723404,0.44680851063829785,0.011934285714285715,53.32340425531915,60.94103343465046,57.132218844984806,60.75059270516717,53.51384498480243
Drexler_et_al_2013,Sandy_Island_Natural,Sandy_Island_Natural_2,cs137_1,cs137,marsh,United States,South Carolina,0.7659574468085106,0.7021276595744681,0.029379166666666668,206.27925531914897,225.03191489361703,215.655585106383,224.56309840425533,206.74807180851067
Drexler_et_al_2013,Sandy_Island_Natural,Sandy_Island_Natural_3,cs137_1,cs137,marsh,United States,South Carolina,0.7021276595744681,0.6382978723404256,0.02901,185.17021276595747,203.68723404255323,194.42872340425535,203.22430851063834,185.63313829787236
Eagle_et_al_2021,Martin Pe√±a East,MPE2,cs137_1,cs137,mangrove,United States,Puerto Rico,0.660377358490566,0.5471698113207547,0.05354958167647059,293.00714502219756,353.6293129578246,323.3182289900111,352.11375875943395,294.52269922058827
Gerlach_et_al_2017,Mill_Bayou,LMR_14_9B,hh_1,horizon,marsh,United States,Florida,0.15,0.1375,0.07498604952466967,103.1058180964208,112.4790742870045,107.79244619171266,112.2447428822399,103.3401495011854
Gerlach_et_al_2017,Mill_Bayou,LMR_14_9B,hh_2,horizon,marsh,United States,Florida,0.1864406779661017,0.11864406779661016,0.07528113867364801,89.31660520602306,140.35466532375054,114.8356352648868,139.07871382080737,90.59255670896624
Gerlach_et_al_2017,Mill_Bayou,LMR_14_9B,hh_3,horizon,marsh,United States,Florida,0.1904761904761905,0.13095238095238096,0.07719990009353478,101.09510726534317,147.04742874959007,124.07126800746661,145.8986207124839,102.24391530244935
Gerlach_et_al_2017,Mill_Bayou,LMR_14_9B,hh_4,horizon,marsh,United States,Florida,0.22935779816513763,0.1743119266055046,0.07381351744633145,128.6657643559906,169.29705836314557,148.98141135956809,168.28127601296669,129.68154670616948
Gonneea_et_al_2018,Eel_Pond,EPA,cs137_1,cs137,marsh,United States,Massachusetts,0.27450980392156865,0.2549019607843137,0.03648269411063991,92.99510263496447,100.14857206842328,96.57183735169387,99.96973533258681,93.17393937080094
Gonneea_et_al_2018,Eel_Pond,EPB,cs137_1,cs137,marsh,United States,Massachusetts,0.2352941176470588,0.21568627450980393,0.04663189207412073,100.57859074810355,109.72209899793111,105.15034487301733,109.49351129168542,100.80717845434924
Gonneea_et_al_2018,Great_Pond,GPA,cs137_1,cs137,marsh,United States,Massachusetts,0.17647058823529413,0.0392156862745098,0.04797756916952547,18.814733007657043,84.66629853445671,51.74051577105688,83.02000939628672,20.461022145827034
Gonneea_et_al_2018,Great_Pond,GPC,cs137_1,cs137,marsh,United States,Massachusetts,0.37254901960784315,0.35294117647058826,0.03838211919723203,135.46630304905423,142.99220877400168,139.22925591152796,142.80406113087798,135.65445069217793
Gonneea_et_al_2018,Hamblin_Pond,HBA,cs137_1,cs137,marsh,United States,Massachusetts,0.19607843137254904,0.17647058823529413,0.050549378448404354,89.20478549718416,99.11642833020463,94.1606069136944,98.86863725937911,89.45257656800968
Gonneea_et_al_2018,Hamblin_Pond,HBC,cs137_1,cs137,marsh,United States,Massachusetts,0.3333333333333333,0.3137254901960784,0.035805830752008536,112.33201804551697,119.35276917336178,115.84239360943937,119.17725039516566,112.5075368237131
Gonneea_et_al_2018,Sage_Log_Pond,SLPA,cs137_1,cs137,marsh,United States,Massachusetts,0.32,0.3,0.029972311669941718,89.91693500982514,95.91139734381349,92.91416617681932,95.76153578546378,90.06679656817485
Gonneea_et_al_2018,Sage_Log_Pond,SLPB,cs137_1,cs137,marsh,United States,Massachusetts,0.1176470588235294,0.09803921568627452,0.041865760431293364,41.04486316793467,49.2538358015216,45.149349484728134,49.04861148568193,41.250087483774344
Kemp_et_al_2020,Barnegat_Bay,BB1B,cs137_1,cs137,marsh,United States,New Jersey,0.2608695652173913,0.21739130434782608,0.04259370934162662,92.59502030788396,111.11402436946076,101.85452233867235,110.65104926792134,93.05799540942337
Kemp_et_al_2020,Barnegat_Bay,BB1B,hh_1,horizon,marsh,United States,New Jersey,0.27586206896551724,0.20689655172413793,0.042886754324659056,88.73121584412218,118.3082877921629,103.51975181814254,117.56886099346188,89.4706426428232
Kemp_et_al_2020,Barnegat_Bay,BB1B,hh_2,horizon,marsh,United States,New Jersey,0.2857142857142857,0.22857142857142856,0.04270309518735019,97.60707471394329,122.0088433924291,109.8079590531862,121.39879917546696,98.21711893090544
Kemp_et_al_2020,Barnegat_Bay,BB1B,hh_3,horizon,marsh,United States,New Jersey,0.2727272727272727,0.2272727272727273,0.04259370934162662,96.80388486733324,116.16466184079988,106.48427335406656,115.68064241646321,97.2879042916699
Kemp_et_al_2020,Barnegat_Bay,BB1B,hh_4,horizon,marsh,United States,New Jersey,0.24324324324324328,0.21621621621621623,0.04029401766718461,87.12220036148024,98.01247540666527,92.56733788407276,97.74021853053564,87.39445723760987
Kemp_et_al_2020,Barnegat_Bay,BB1B,hh_5,horizon,marsh,United States,New Jersey,0.2619047619047619,0.23809523809523808,0.038687751232105036,92.11369340977389,101.32506275075129,96.71937808026259,101.09477851722686,92.34397764329832
Kemp_et_al_2020,Barnegat_Bay,BB1B,hh_6,horizon,marsh,United States,New Jersey,0.21705426356589147,0.17054263565891473,0.03852963354342136,65.70945255467208,83.63021234230992,74.66983244849101,83.18219334761898,66.15747154936302
Kemp_et_al_2020,Barnegat_Bay,BB1B,hh_7,horizon,marsh,United States,New Jersey,0.26865671641791045,0.22388059701492535,0.03930160139244997,87.9886598338432,105.58639180061185,96.78752581722753,105.14644850144263,88.42860313301242
Kemp_et_al_2020,Barnegat_Bay,BB1B,hh_8,horizon,marsh,United States,New Jersey,0.2376237623762376,0.2112211221122112,0.03958885044807639,83.6200141477521,94.07251591622112,88.8462650319866,93.8112033720094,83.88132669196382
Kemp_et_al_2020,Barnegat_Bay,BB1B,hh_9,horizon,marsh,United States,New Jersey,0.2307692307692308,0.21978021978021975,0.040734414147961334,89.52618494057434,94.00249418760309,91.76433956408871,93.89058645642737,89.63809267175006
Lagomasino_et_al_2020,Huddy_Gut,HG3,cs137_1,cs137,marsh,United States,North Carolina,0.3636363636363637,0.3181818181818182,0.10814890304822761,344.11014606254236,393.26873835719135,368.68944220986685,392.0397735498251,345.3391108699086
Lagomasino_et_al_2020,Porpoise_Point,PP1,cs137_1,cs137,marsh,United States,North Carolina,0.5454545454545454,0.5,0.03027155413555269,151.35777067776345,165.11756801210555,158.2376693449345,164.773573078747,151.701765611122
Lagomasino_et_al_2020,Porpoise_Point,PP2,cs137_1,cs137,marsh,United States,North Carolina,0.5909090909090909,0.5454545454545454,0.006130397892729634,33.438533960343456,36.22507845703875,34.831806208691106,36.15541484462137,33.508197572760835
Lagomasino_et_al_2020,Porpoise_Point,PP3,cs137_1,cs137,marsh,United States,North Carolina,0.2272727272727273,0.18181818181818185,0.03737526274353909,67.95502317007109,84.94377896258885,76.44940106632997,84.51906006777591,68.37974206488403
Luk_et_al_2020,SITE_1,MARSH_1_1,cs137_1,cs137,marsh,United States,Massachusetts,0.3269230769230769,0.3076923076923077,0.03119375,95.98076923076923,101.9795673076923,98.98016826923077,101.82959735576922,96.13073918269231
Luk_et_al_2020,SITE_2,MARSH_2_1,cs137_1,cs137,marsh,United States,Massachusetts,0.3076923076923077,0.28846153846153844,0.034542857142857146,99.64285714285714,106.2857142857143,102.96428571428572,106.11964285714288,99.80892857142857
Luk_et_al_2020,SITE_2,MARSH_2_2,cs137_1,cs137,marsh,United States,Massachusetts,0.3269230769230769,0.3076923076923077,0.033737500000000004,103.80769230769232,110.2956730769231,107.05168269230771,110.13347355769233,103.96989182692309
Luk_et_al_2020,SITE_3,MARSH_3_1,cs137_1,cs137,marsh,United States,Massachusetts,0.38461538461538464,0.36538461538461536,0.028712222222222222,104.91004273504274,110.43162393162393,107.67083333333333,110.2935844017094,105.04808226495727
Luk_et_al_2020,SITE_3,MARSH_3_2,cs137_1,cs137,marsh,United States,Massachusetts,0.36538461538461536,0.34615384615384615,0.03149888888888889,109.03461538461539,115.09209401709401,112.0633547008547,114.94065705128205,109.18605235042736
Marot_et_al_2020,Grand Bay,16CCT03_GB34M,cs137_1,cs137,marsh,United States,Mississippi,0.2830188679245283,0.2641509433962264,0.02935590208738132,77.54389230629027,83.0827417567396,80.31331703151494,82.94427052047836,77.68236354255151
Messerschmidt_and_Kirwan_2020,GCREW,C3,cs137_1,cs137,marsh,United States,Maryland,0.2727272727272727,0.21818181818181817,0.044196820465716234,96.4294264706536,120.536783088317,108.4831047794853,119.9340991728754,97.03211038609518
Messerschmidt_and_Kirwan_2020,GCREW,C4,cs137_1,cs137,marsh,United States,Maryland,0.34545454545454546,0.3090909090909091,0.044201884719320565,136.62400731426357,152.69741993947105,144.6607136268673,152.29558462384085,137.02584262989376
Nolte_2020,DSK,DSK_grazed_landward,cs137_1,cs137,marsh,Germany,Schleswig-Holstein,0.375,0.25,0.02199901940756166,54.997548518904146,82.49632277835623,68.74693564863018,81.80885342186993,55.68501787539045
Nolte_2020,DSK,DSK_grazed_landward,cs137_2,cs137,marsh,Germany,Schleswig-Holstein,0.3191489361702128,0.2553191489361702,0.02018613454690142,51.53906692825895,64.4238336603237,57.98145029429132,64.10171449202207,51.861186096560566
Nolte_2020,DSK,DSK_grazed_seaward,cs137_1,cs137,marsh,Germany,Schleswig-Holstein,0.9787234042553192,0.9361702127659576,0.009374282559487017,87.75924098243166,91.74829739072399,89.75376918657783,91.64857098051668,87.85896739263897
Nolte_2020,DSK,DSK_ungrazed_landward,cs137_1,cs137,marsh,Germany,Schleswig-Holstein,0.851063829787234,0.8085106382978723,0.008114835160796774,65.60930555537817,69.06242690039808,67.33586622788812,68.97609886677259,65.69563358900366
Nolte_2020,DSK,DSK_ungrazed_seaward,cs137_1,cs137,marsh,Germany,Schleswig-Holstein,0.7916666666666666,0.6666666666666666,0.01626723294001032,108.44821960006878,128.78226077508168,118.61524018757524,128.27390974570636,108.9565706294441
Nolte_2020,HH,HH_grazed_landward,cs137_1,cs137,marsh,Germany,Schleswig-Holstein,0.75,0.6666666666666666,0.01696595853226722,113.10639021511479,127.24468899200414,120.17553960355946,126.8912315225819,113.45984768453702
Nolte_2020,HH,HH_grazed_landward,cs137_2,cs137,marsh,Germany,Schleswig-Holstein,0.46808510638297873,0.425531914893617,0.016023618694354595,68.1856114653387,75.00417261187258,71.59489203860564,74.83370858320923,68.35607549400204
Nolte_2020,HH,HH_grazed_seaward,cs137_1,cs137,marsh,Germany,Schleswig-Holstein,1.25,1.1666666666666667,0.013583082393629646,158.46929459234588,169.7885299203706,164.12891225635823,169.50554903716997,158.7522754755465
Nolte_2020,HH,HH_grazed_seaward,cs137_2,cs137,marsh,Germany,Schleswig-Holstein,0.8085106382978723,0.7659574468085106,0.012801060165114203,98.05067360513007,103.49793324985951,100.7743034274948,103.36175175874128,98.18685509624831
Nolte_2020,HH,HH_ungrazed_landward,cs137_1,cs137,marsh,Germany,Schleswig-Holstein,0.16666666666666666,0.08333333333333333,0.020974366174775886,17.478638478979903,34.957276957959806,26.217957718469854,34.52031099598531,17.9156044409544
Nolte_2020,HH,HH_ungrazed_landward,cs137_2,cs137,marsh,Germany,Schleswig-Holstein,0.6382978723404256,0.5957446808510638,0.014497161461752762,86.36606828278241,92.53507316012401,89.4505707214532,92.38084803819048,86.52029340471594
Nolte_2020,HH,HH_ungrazed_seaward,cs137_1,cs137,marsh,Germany,Schleswig-Holstein,0.8333333333333334,0.6666666666666666,0.012622097118421383,84.1473141228092,105.18414265351153,94.66572838816037,104.65822194024398,84.67323483607676
Nolte_2020,HH,HH_ungrazed_seaward,cs137_2,cs137,marsh,Germany,Schleswig-Holstein,1.0212765957446808,0.9361702127659576,0.010848146194449869,101.55711330974347,110.78957815608376,106.17334573291362,110.55876653492525,101.78792493090198
Nolte_2020,NFB,NFB_grazed_landward,cs137_1,cs137,marsh,Netherlands,Friesland,0.75,0.6666666666666666,0.027471543533466244,183.1436235564416,206.03657650099683,194.59010002871923,205.46425267738294,183.7159473800555
Nolte_2020,NFB,NFB_grazed_landward,cs137_2,cs137,marsh,Netherlands,Friesland,0.7659574468085106,0.723404255319149,0.02481066610845278,179.48141440157332,190.0391446604894,184.76027953103136,189.77520140401649,179.74535765804623
Nolte_2020,NFB,NFB_grazed_seaward,cs137_1,cs137,marsh,Netherlands,Friesland,0.9787234042553192,0.9361702127659576,0.020596052640192913,192.81410982308262,201.57838754231364,197.19624868269813,201.35928059933286,193.0332167660634
Nolte_2020,NFB,NFB_ungrazed_landward,cs137_1,cs137,marsh,Netherlands,Friesland,1.1063829787234043,1.0638297872340423,0.022448376726161724,238.81251836342256,248.3650190979595,243.58876873069102,248.12620657959607,239.051330881786
Nolte_2020,SNK,SNK_grazed_landward,cs137_1,cs137,marsh,Germany,Schleswig-Holstein,0.625,0.5,0.01947581829527661,97.37909147638305,121.72386434547883,109.55147791093094,121.11524502375144,97.98771079811044
Nolte_2020,SNK,SNK_grazed_landward,cs137_2,cs137,marsh,Germany,Schleswig-Holstein,1.0638297872340423,0.9574468085106383,0.018957129315671804,181.5044296181343,201.6715884645936,191.58800904136396,201.16740949343213,182.0086085892958
Nolte_2020,SNK,SNK_grazed_seaward,cs137_1,cs137,marsh,Germany,Schleswig-Holstein,0.9583333333333334,0.8333333333333334,0.0183364339055729,152.80361587977418,175.72415826174029,164.26388707075722,175.15114470219112,153.37662943932332
Nolte_2020,SNK,SNK_grazed_seaward,cs137_2,cs137,marsh,Germany,Schleswig-Holstein,1.0638297872340423,0.9574468085106383,0.018501140951097644,177.13858357433915,196.82064841593234,186.97961599513576,196.32859679489252,177.63063519537897
Nolte_2020,SNK,SNK_ungrazed_landward,cs137_1,cs137,marsh,Germany,Schleswig-Holstein,0.5416666666666666,0.4166666666666667,0.026324619468671803,109.68591445279918,142.59168878863892,126.13880162071905,141.76904443024293,110.50855881119517
Nolte_2020,SNK,SNK_ungrazed_seaward,cs137_1,cs137,marsh,Germany,Schleswig-Holstein,0.625,0.5,0.019460079079194302,97.3003953959715,121.6254942449644,109.46294482046795,121.01736677373958,97.90852286719633
Nolte_2020,SNK,SNK_ungrazed_seaward,cs137_2,cs137,marsh,Germany,Schleswig-Holstein,0.6808510638297872,0.6382978723404256,0.01853739010760404,118.32376664428112,126.21201775389986,122.26789219909048,126.0148114761594,118.52097292202158
Okeefe-Suttles_et_al_2021_Cape,Bass,MA_BCNA,cs137_1,cs137,marsh,United States,Massachusetts,0.3269230769230769,0.3076923076923077,0.038093691875,117.21135961538462,124.53706959134615,120.87421460336539,124.35392684194711,117.39450236478366
Okeefe-Suttles_et_al_2021_Cape,Bass,MA_BCNB,cs137_1,cs137,marsh,United States,Massachusetts,0.36538461538461536,0.34615384615384615,0.042982825,148.78670192307692,157.0526298076923,152.91966586538462,156.84598161057693,148.9933501201923
Okeefe-Suttles_et_al_2021_Cape,Bass,MA_BCRA,cs137_1,cs137,marsh,United States,Massachusetts,0.25,0.2307692307692308,0.0529545425,122.2027903846154,132.38635625,127.29457331730771,132.1317671033654,122.45737953125001
Okeefe-Suttles_et_al_2021_Cape,Bass,MA_BCRB,cs137_1,cs137,marsh,United States,Massachusetts,0.15384615384615383,0.1346153846153846,0.0562459725,75.71573221153847,86.53226538461537,81.12399879807691,86.26185205528844,75.9861455408654
Okeefe-Suttles_et_al_2021_Cape,Boat,MA_BMNA,cs137_1,cs137,marsh,United States,Massachusetts,0.5384615384615384,0.5192307692307693,0.03815359555555555,198.1052076923077,205.44243760683756,201.77382264957262,205.25900685897432,198.28863844017093
Okeefe-Suttles_et_al_2021_Cape,Boat,MA_BMNB,cs137_1,cs137,marsh,United States,Massachusetts,0.6923076923076923,0.6538461538461539,0.03386238181818182,221.4078811188811,234.43187412587412,227.9198776223776,234.10627430069928,221.73348094405594
Okeefe-Suttles_et_al_2021_Cape,Boat,MA_BMRA,cs137_1,cs137,marsh,United States,Massachusetts,0.6538461538461539,0.6153846153846154,0.025835866363636363,158.98994685314688,168.9268185314685,163.95838269230768,168.67839673951048,159.2383686451049
Okeefe-Suttles_et_al_2021_Cape,Boat,MA_BMRB,cs137_1,cs137,marsh,United States,Massachusetts,0.4615384615384616,0.4423076923076923,0.029224385,129.26170288461537,134.88177692307696,132.07173990384615,134.74127507211543,129.4022047355769
Okeefe-Suttles_et_al_2021_Cape,Quivett,MA_QCNA,cs137_1,cs137,marsh,United States,Massachusetts,0.36538461538461536,0.3269230769230769,0.048074285,157.16593173076924,175.65604134615384,166.41098653846154,175.1937886057692,157.62818447115387
Okeefe-Suttles_et_al_2021_Cape,Quivett,MA_QCNB,cs137_1,cs137,marsh,United States,Massachusetts,0.4423076923076923,0.4230769230769231,0.05153356416666667,218.02661762820512,227.93691842948718,222.98176802884615,227.68916090945513,218.27437514823717
Okeefe-Suttles_et_al_2021_Cape,Scusset,MA_SMB,cs137_1,cs137,marsh,United States,Massachusetts,0.3962264150943397,0.37735849056603776,0.026319315,99.31816981132076,104.28407830188681,101.80112405660378,104.15993058962266,99.4423175235849
Okeefe-Suttles_et_al_2021_Cape,Stony,MA_SBNB,cs137_1,cs137,marsh,United States,Massachusetts,0.2692307692307692,0.25,0.055683788,139.20946999999998,149.91789076923075,144.56368038461537,149.65018024999998,139.47718051923076
Okeefe-Suttles_et_al_2021_Cape,Stony,MA_SBRA,cs137_1,cs137,marsh,United States,Massachusetts,0.28846153846153844,0.2692307692307692,0.0476159,128.19665384615385,137.35355769230767,132.77510576923078,137.12463509615384,128.4255764423077
Okeefe-Suttles_et_al_2021_Cape,Stony,MA_SBRB,cs137_1,cs137,marsh,United States,Massachusetts,0.3076923076923077,0.28846153846153844,0.058093102,167.57625576923078,178.74800615384618,173.16213096153848,178.4687123942308,167.85554952884615
Okeefe-Suttles_et_al_2021_FL,Upper Tampa Bay,FL_UTR,cs137_1,cs137,marsh,United States,Florida,0.17307692307692307,0.15384615384615383,0.025313500647750252,38.943847150385,43.81182804418312,41.377837597284056,43.69012852183817,39.06554667272995
Okeefe-Suttles_et_al_2021_Wellfleet,Herring River,MA_HRHKA,cs137_1,cs137,scrub/shrub,United States,Massachusetts,0.12962962962962962,0.1111111111111111,0.063024095,70.02677222222222,81.69790092592594,75.86233657407408,81.40612270833334,70.31855043981481
Okeefe-Suttles_et_al_2021_Wellfleet,Herring River,MA_HRHKB,cs137_1,cs137,scrub/shrub,United States,Massachusetts,0.1111111111111111,0.0925925925925926,0.054480745,50.44513425925926,60.534161111111104,55.48964768518518,60.28193543981481,50.69735993055556
Okeefe-Suttles_et_al_2021_Wellfleet,Herring River,MA_HROCA,cs137_1,cs137,marsh,United States,Massachusetts,0.3269230769230769,0.3076923076923077,0.03972654666666667,122.23552820512822,129.87524871794872,126.05538846153847,129.6842557051282,122.42652121794873
Okeefe-Suttles_et_al_2021_Wellfleet,Herring River,MA_HROCB,cs137_1,cs137,marsh,United States,Massachusetts,0.17307692307692307,0.15384615384615383,0.04387482,67.49972307692308,75.93718846153845,71.71845576923076,75.72625182692308,67.71065971153845
Okeefe-Suttles_et_al_2021_Wellfleet,Herring River,MA_HRPA,cs137_1,cs137,marsh,United States,Massachusetts,0.46296296296296297,0.4444444444444444,0.02911352125,129.3934277777778,134.78482060185186,132.0891241898148,134.65003578125,129.52821259837964
Okeefe-Suttles_et_al_2021_Wellfleet,Mayo Creek,MA_MYNA,cs137_1,cs137,marsh,United States,Massachusetts,0.3018867924528302,0.2641509433962264,0.040983344,108.25788981132074,123.72330264150942,115.99059622641508,123.3366673207547,108.64452513207546
Okeefe-Suttles_et_al_2021_Wellfleet,Mayo Creek,MA_MYURA,cs137_1,cs137,marsh,United States,Massachusetts,0.5471698113207547,0.5283018867924528,0.024016327,126.87870867924528,131.41009113207548,129.14439990566038,131.2968065707547,126.99199324056603
Okeefe-Suttles_et_al_2021_Wellfleet,Mayo Creek,MA_MYURB,cs137_1,cs137,marsh,United States,Massachusetts,0.3018867924528302,0.2830188679245283,0.028239389999999996,79.92280188679243,85.25098867924527,82.58689528301885,85.11778400943395,80.05600655660375
Peck_et_al_2020,Alsea,ABOR1309_01PU,cs137_1,cs137,marsh,United States,Oregon,0.24,0.2,0.03644712051002745,72.8942410200549,87.47308922406587,80.18366512206039,87.1086180189656,73.25871222515518
Peck_et_al_2020,Alsea,ABOR1309_02PU,cs137_1,cs137,marsh,United States,Oregon,0.2,0.16,0.037641080732266005,60.22572917162561,75.28216146453201,67.7539453180788,74.90575065720935,60.602139978948266
Peck_et_al_2020,Alsea,ABOR1309_03PU,cs137_1,cs137,marsh,United States,Oregon,0.24,0.2,0.03680443321210967,73.60886642421934,88.33063970906319,80.96975306664126,87.96259537694209,73.97691075634044
Peck_et_al_2020,Alsea,ABOR1309_04PU,cs137_1,cs137,marsh,United States,Oregon,0.2,0.16,0.03582094751848996,57.31351602958393,71.64189503697992,64.47770553328192,71.28368556179501,57.67172550476883
Peck_et_al_2020,Alsea,ABOR1702_01PU,cs137_1,cs137,marsh,United States,Oregon,0.25925925925925924,0.2222222222222222,0.043648996179830146,96.99776928851144,113.16406416993,105.08091672922072,112.75990679789453,97.4019266605469
Peck_et_al_2020,Alsea,ABOR1702_05PU,cs137_1,cs137,marsh,United States,Oregon,0.18518518518518515,0.14814814814814814,0.041744507679313404,61.8437150804643,77.30464385058036,69.57417946552233,76.91812063132745,62.2302382997172
Peck_et_al_2020,Alsea,ABOR1702_06PU,cs137_1,cs137,marsh,United States,Oregon,0.2037037037037037,0.16666666666666666,0.036758858250000005,61.26476375,74.87915569444445,68.07195972222223,74.53879589583335,61.60512354861111
Peck_et_al_2020,Alsea,ABOR1702_07PU,cs137_1,cs137,marsh,United States,Oregon,0.25925925925925924,0.2222222222222222,0.04824479836192068,107.2106630264904,125.07910686423878,116.1448849453646,124.63239576829507,107.6573741224341
Peck_et_al_2020,Coquille,CMOR1706_01PU,cs137_1,cs137,marsh,United States,Oregon,0.3333333333333333,0.2962962962962963,0.041063519999839926,121.66968888841458,136.8783999994664,129.2740444439405,136.49818222169012,122.04990666619088
Peck_et_al_2020,Coquille,CMOR1706_02PU,cs137_1,cs137,marsh,United States,Oregon,0.2962962962962963,0.25925925925925924,0.03058796913738075,79.30214220802416,90.63101966631332,84.96658093716874,90.3477977298561,79.58536414448139
Peck_et_al_2020,Coquille,CMOR1706_03PU,cs137_1,cs137,marsh,United States,Oregon,0.2222222222222222,0.18518518518518515,0.06053012504605248,112.09282415935641,134.51138899122773,123.30210657529207,133.95092487043095,112.65328828015319
Peck_et_al_2020,Coquille,CMOR1706_08PU,cs137_1,cs137,marsh,United States,Oregon,0.2222222222222222,0.18518518518518515,0.039429732732277775,73.01802357829216,87.6216282939506,80.31982593612138,87.25653817605914,73.38311369618361
Peck_et_al_2020,Nehalem,NBOR1606_03PU,cs137_1,cs137,marsh,United States,Oregon,0.2641509433962264,0.22641509433962265,0.040167373576789366,90.9449967776363,106.10249624057568,98.52374650910599,105.7235587540022,91.32393426420978
Peck_et_al_2020,Nehalem,NBOR1606_04PU,cs137_1,cs137,marsh,United States,Oregon,0.2641509433962264,0.22641509433962265,0.04679762810280472,105.95689381767106,123.61637612061624,114.78663496914365,123.1748890630426,106.39838087524468
Peck_et_al_2020,Nehalem,NBOR1606_08PU,cs137_1,cs137,marsh,United States,Oregon,0.49056603773584906,0.4528301886792453,0.03827593485946272,173.32498804285004,187.7687370464209,180.54686254463547,187.40764332133165,173.6860817679393
Peck_et_al_2020,Nehalem,NBOR1609_01PU,cs137_1,cs137,marsh,United States,Oregon,0.49056603773584906,0.4528301886792453,0.039597142139555334,179.30781346213737,194.2501312506488,186.77897235639307,193.876573305936,179.68137140685016
Peck_et_al_2020,Nehalem,NBOR1609_03PU,cs137_1,cs137,marsh,United States,Oregon,0.33962264150943394,0.3018867924528302,0.03326700469074703,100.42869340602877,112.98228008178236,106.70548674390557,112.66844041488852,100.74253307292261
Peck_et_al_2020,Netarts,NTOR1009_01PU,cs137_1,cs137,marsh,United States,Oregon,0.1702127659574468,0.1276595744680851,0.03295392740198513,42.068843491895905,56.091791322527875,49.08031740721189,55.74121762676208,42.4194171876617
Peck_et_al_2020,Netarts,NTOR1009_03PU,cs137_1,cs137,marsh,United States,Oregon,0.2127659574468085,0.1702127659574468,0.030769524144301133,52.37365811795938,65.46707264744921,58.9203653827043,65.13973728421198,52.700993481196626
Peck_et_al_2020,Netarts,NTOR1009_04PU,cs137_1,cs137,marsh,United States,Oregon,0.2978723404255319,0.2553191489361702,0.038093814878536955,97.26080394520072,113.47093793606753,105.36587094063412,113.06568458629586,97.66605729497239
Peck_et_al_2020,Netarts,NTOR1709_01PU,cs137_1,cs137,marsh,United States,Oregon,0.2962962962962963,0.25925925925925924,0.03920152099244243,101.63357294336926,116.15265479242201,108.89311386789564,115.7896777461957,101.99654998959558
Peck_et_al_2020,Netarts,NTOR1709_02PU,cs137_1,cs137,marsh,United States,Oregon,0.25925925925925924,0.2222222222222222,0.03774314892064301,83.87366426809557,97.85260831277816,90.86313629043687,97.50313471166109,84.22313786921264
Peck_et_al_2020,Netarts,NTOR1709_03PU,cs137_1,cs137,marsh,United States,Oregon,0.25925925925925924,0.2222222222222222,0.038592698717159084,85.76155270479796,100.0551448222643,92.90834876353114,99.69780501932763,86.11889250773463
Peck_et_al_2020,Netarts,NTOR1709_04PU,cs137_1,cs137,marsh,United States,Oregon,0.25925925925925924,0.2222222222222222,0.04678245604266667,103.96101342814815,121.28784899950618,112.62443121382717,120.85467811022224,104.3941843174321
Peck_et_al_2020,Netarts,NTOR1802_01PU,cs137_1,cs137,marsh,United States,Oregon,0.21818181818181817,0.18181818181818185,0.057696053401906255,104.90191527619321,125.88229833143183,115.39210680381251,125.35778875505086,105.42642485257417
Peck_et_al_2020,Netarts,NTOR1802_02PU,cs137_1,cs137,marsh,United States,Oregon,0.2545454545454545,0.21818181818181817,0.04855077883036214,105.92897199351741,123.58380065910363,114.75638632631052,123.14242994246398,106.37034271015706
Peck_et_al_2020,Netarts,NTOR1802_05PU,cs137_1,cs137,marsh,United States,Oregon,0.2545454545454545,0.18181818181818185,0.059753511523383145,108.642748224333,152.09984751406617,130.3712978691996,151.01342003182285,109.72917570657633
Peck_et_al_2020,Netarts,NTOR1802_06PU,cs137_1,cs137,marsh,United States,Oregon,0.32727272727272727,0.2909090909090909,0.0522401922255,151.97146829236362,170.96790182890908,161.46968506063635,170.49299099049543,152.44637913077727
Peck_et_al_2020,Netarts,NTOR1802_07PU,cs137_1,cs137,scrub/shrub,United States,Oregon,0.3636363636363637,0.32727272727272727,0.04177626720521564,136.7223290352512,151.9136989280569,144.31801398165405,151.53391468073676,137.10211328257134
Peck_et_al_2020,Netarts,NTOR1802_09PU,cs137_1,cs137,marsh,United States,Oregon,0.21818181818181817,0.18181818181818185,0.054023510630053805,98.22456478191603,117.86947773829921,108.04702126010761,117.37835491438963,98.71568760582561
Peck_et_al_2020,Salmon River,SROR1509_01PU,cs137_1,cs137,marsh,United States,Oregon,0.3076923076923077,0.2692307692307692,0.04980502025714286,134.09043915384615,153.2462161758242,143.66832766483518,152.76732175027476,134.5693335793956
Peck_et_al_2020,Salmon River,SROR1809_01PU,cs137_1,cs137,marsh,United States,Oregon,0.21818181818181817,0.18181818181818185,0.03541970103800974,64.399456432745,77.27934771929397,70.83940207601948,76.95735043713024,64.72145371490872
Peck_et_al_2020,Salmon River,SROR1809_02PU,cs137_1,cs137,marsh,United States,Oregon,0.18181818181818185,0.14545454545454545,0.04032078067181072,58.6484082499065,73.31051031238314,65.97945928114483,72.94395776082123,59.01496080146842
Peck_et_al_2020,Salmon River,SROR1809_03PU,cs137_1,cs137,marsh,United States,Oregon,0.21818181818181817,0.18181818181818185,0.04024193395074565,73.16715263771938,87.80058316526323,80.48386790149131,87.43474740207463,73.53298840090798
Peck_et_al_2020,Salmon River,SROR1809_04PU,cs137_1,cs137,marsh,United States,Oregon,0.21818181818181817,0.18181818181818185,0.04038650536821193,73.43000976038533,88.11601171246238,80.77301073642386,87.74886166366045,73.79715980918726
Peck_et_al_2020,Tillamook,MID.A009,cs137_1,cs137,marsh,United States,Oregon,0.2692307692307692,0.2307692307692308,0.035113871327032364,81.03201075469009,94.53734588047175,87.78467831758093,94.1997125023272,81.36964413283464
Peck_et_al_2020,Tillamook,SO.CR.A028,cs137_1,cs137,marsh,United States,Oregon,0.2692307692307692,0.2307692307692308,0.03391585690060914,78.26736207832879,91.3119224247169,84.78964225152285,90.9858084160572,78.59347608698849
Peck_et_al_2020,Tillamook,TBOR1504_02PU,cs137_1,cs137,marsh,United States,Oregon,0.6153846153846154,0.5769230769230769,0.0360018512004734,207.70298769503884,221.54985354137483,214.62642061820685,221.20368189521642,208.04915934119725
Peck_et_al_2020,Tillamook,TBOR1504_03PU,cs137_1,cs137,marsh,United States,Oregon,0.38461538461538464,0.34615384615384615,0.04600578644977778,159.25079924923077,176.9453324991453,168.09806587418802,176.50296916789745,159.69316258047863
Peck_et_al_2020,Tillamook,TBOR1504_05PU,cs137_1,cs137,marsh,United States,Oregon,0.2692307692307692,0.2307692307692308,0.04153545334125068,95.85104617211697,111.82622053413645,103.83863335312671,111.42684117508597,96.25042553116745
Peck_et_al_2020,Youngs Bay,WY04S,cs137_1,cs137,marsh,United States,Oregon,1.3076923076923077,1.2692307692307692,0.028236047610375535,358.3806042855356,369.24062259721853,363.8106134413771,368.9691221394265,358.65210474332764
Peck_et_al_2020,Youngs Bay,YBOR1502_01PU,cs137_1,cs137,marsh,United States,Oregon,0.3076923076923077,0.2692307692307692,0.03147572971252459,84.74234922602774,96.84839911546028,90.79537417074401,96.54574786822447,85.04500047326356
Peck_et_al_2020,Youngs Bay,YBOR1502_02PU,cs137_1,cs137,scrub/shrub,United States,Oregon,0.2692307692307692,0.2307692307692308,0.04771569002400001,110.11313082461542,128.46531929538463,119.28922506000004,128.0065145836154,110.57193553638466
Peck_et_al_2020,Youngs Bay,YBOR1502_04PU,cs137_1,cs137,marsh,United States,Oregon,0.07692307692307693,0.03846153846153846,0.035588016508021035,13.687698656931165,27.375397313862333,20.53154798539675,27.033204847439052,14.029891123354444
Peck_et_al_2020,Youngs Bay,YBOR1502_05PU,cs137_1,cs137,scrub/shrub,United States,Oregon,0.3076923076923077,0.2692307692307692,0.041799830823584384,112.53800606349643,128.61486407256734,120.57643506803188,128.21294262234056,112.9399275137232
Piazza_et_al_2020,CRMS0128,0128_1,cs137_1,cs137,marsh,United States,Louisiana,0.6363636363636364,0.5909090909090909,0.03509478304615385,207.37826345454548,223.3304375664336,215.35435051048955,222.9316332136364,207.7770678073427
Piazza_et_al_2020,CRMS0128,0128_2,cs137_1,cs137,marsh,United States,Louisiana,0.6818181818181818,0.6363636363636364,0.030363287971428572,193.22092345454547,207.022417987013,200.12167072077924,206.6773806237013,193.56596081785716
Piazza_et_al_2020,CRMS0128_H,0128_H_1,cs137_1,cs137,marsh,United States,Louisiana,0.5454545454545454,0.5,0.025393297236363636,126.96648618181818,138.50889401652893,132.73769009917356,138.22033382066115,127.25504637768596
Piazza_et_al_2020,CRMS0135,0135_1,cs137_1,cs137,marsh,United States,Louisiana,0.7727272727272727,0.7272727272727273,0.0194165700375,141.21141845454548,150.03713210795453,145.62427528125,149.8164892666193,141.43206129588071
Piazza_et_al_2020,CRMS0135,0135_2,cs137_1,cs137,marsh,United States,Louisiana,0.7272727272727273,0.6818181818181818,0.014365874800000001,97.94914636363636,104.47908945454547,101.21411790909092,104.31584087727275,98.11239494090908
Piazza_et_al_2020,CRMS0135_H,0135_H_1,cs137_1,cs137,marsh,United States,Louisiana,0.6363636363636364,0.5909090909090909,0.015893214253846155,93.91444786363638,101.13863616083917,97.52654201223777,100.9580314534091,94.09505257106645
Piazza_et_al_2020,CRMS0147,0147_1,cs137_1,cs137,marsh,United States,Louisiana,0.5454545454545454,0.5,0.017400873927272728,87.00436963636363,94.91385778512397,90.9591137107438,94.71612058140495,87.20210684008265
Piazza_et_al_2020,CRMS0147,0147_2,cs137_1,cs137,marsh,United States,Louisiana,0.4090909090909091,0.3636363636363637,0.0347010633625,126.18568495454548,141.95889557386363,134.07229026420455,141.56456530838068,126.58001522002843
Piazza_et_al_2020,CRMS0147_H,0147_H_1,cs137_1,cs137,marsh,United States,Louisiana,0.7272727272727273,0.6818181818181818,0.015531483553333333,105.89647877272725,112.95624402424242,109.42636139848483,112.77974989295454,106.07297290401513
Piazza_et_al_2020,CRMS0147_H,0147_H_2,cs137_1,cs137,marsh,United States,Louisiana,0.7272727272727273,0.6818181818181818,0.018481748279999998,126.01192009090907,134.41271476363636,130.21231742727272,134.20269489681817,126.22193995772726
Piazza_et_al_2020,CRMS0164,0164_1,cs137_1,cs137,marsh,United States,Louisiana,0.6363636363636364,0.5909090909090909,0.01935763589230769,114.38603027272728,123.18495567832167,118.78549297552448,122.9649825431818,114.60600340786715
Piazza_et_al_2020,CRMS0164,0164_2,cs137_1,cs137,marsh,United States,Louisiana,0.6818181818181818,0.6363636363636364,0.020332109085714284,129.3861487272727,138.62801649350646,134.0070826103896,138.39696979935061,129.61719542142856
Piazza_et_al_2020,CRMS0164_H,0164_H_2,cs137_1,cs137,marsh,United States,Louisiana,0.8181818181818182,0.7727272727272727,0.023460243870588236,181.28370263636364,191.94744985026742,186.61557624331553,191.68085616991982,181.55029631671124
Piazza_et_al_2020,CRMS0219_H,0219_H_2,cs137_1,cs137,marsh,United States,Louisiana,0.5454545454545454,0.5,0.024101235472727273,120.50617736363637,131.4612843966942,125.98373088016528,131.18740672086776,120.78005503946281
Piazza_et_al_2020,CRMS0268,0268_1,cs137_1,cs137,marsh,United States,Louisiana,0.4545454545454546,0.4090909090909091,0.024339571233333333,99.57097322727273,110.63441469696971,105.10269396212122,110.35782866022728,99.84755926401516
Piazza_et_al_2020,CRMS0268,0268_2,cs137_1,cs137,marsh,United States,Louisiana,0.5,0.4545454545454546,0.02985959012,135.72540963636365,149.2979506,142.51168011818183,148.9586370759091,136.06472316045455
Piazza_et_al_2020,CRMS0294,0294_1,cs137_1,cs137,marsh,United States,Louisiana,0.6363636363636364,0.5909090909090909,0.028880977016427774,170.66031873343684,183.7880355590858,177.22417714626133,183.4598426384446,170.98851165407805
Piazza_et_al_2020,CRMS0294,0294_2,cs137_1,cs137,marsh,United States,Louisiana,0.6818181818181818,0.6363636363636364,0.02698618015,171.73023731818182,183.99668284090907,177.86346007954546,183.69002170284088,172.03689845625001
Piazza_et_al_2020,CRMS0294_H,0294_H_1,cs137_1,cs137,marsh,United States,Louisiana,0.6818181818181818,0.6363636363636364,0.02891721012857143,184.0186099090909,197.1627963311688,190.59070312012986,196.83419167061686,184.34721456964286
Piazza_et_al_2020,CRMS0312,0312_1,cs137_1,cs137,marsh,United States,Louisiana,0.6818181818181818,0.6363636363636364,0.035750366,227.5023290909091,243.75249545454545,235.62741227272727,243.34624129545455,227.90858325
Piazza_et_al_2020,CRMS0312,0312_2,cs137_1,cs137,marsh,United States,Louisiana,0.5909090909090909,0.5454545454545454,0.03601373703100708,196.43856562367498,212.8084460923146,204.6235058579948,212.3991990805986,196.84781263539097
Piazza_et_al_2020,CRMS0312_H,0312_H_1,cs137_1,cs137,marsh,United States,Louisiana,0.8181818181818182,0.7727272727272727,0.02490697206,192.4629659181818,203.78431685454547,198.12364138636363,203.50128308113636,192.7459996915909
Piazza_et_al_2020,CRMS0312_H,0312_H_2,cs137_1,cs137,marsh,United States,Louisiana,0.9090909090909092,0.8636363636363636,0.022524396894736842,194.52888227272726,204.7672444976077,199.64806338516746,204.51128544198568,194.78484132834927
Piazza_et_al_2020,CRMS0326,0326_1,cs137_1,cs137,marsh,United States,Louisiana,0.9545454545454546,0.9090909090909092,0.02317471547,210.67923154545454,221.2131931227273,215.94621233409092,220.94984408329546,210.94258058488637
Piazza_et_al_2020,CRMS0326,0326_2,cs137_1,cs137,marsh,United States,Louisiana,0.7272727272727273,0.6818181818181818,0.02641605458,180.10946304545456,192.1167605818182,186.11311181363638,191.81657814340912,180.40964548386364
Piazza_et_al_2020,CRMS0326_H,0326_H_1,cs137_1,cs137,marsh,United States,Louisiana,0.4545454545454546,0.4090909090909091,0.030374443477777777,124.25908695454545,138.06565217171718,131.1623695631313,137.7204880412879,124.60425108497475
Piazza_et_al_2020,CRMS0326_H,0326_H_2,cs137_1,cs137,marsh,United States,Louisiana,0.5,0.4545454545454546,0.03512370124,159.65318745454547,175.61850619999998,167.63584682727273,175.21937323136362,160.05232042318184
Piazza_et_al_2020,CRMS0605,0605_1,cs137_1,cs137,marsh,United States,Louisiana,0.7727272727272727,0.7272727272727273,0.0255944284875,186.1412980909091,197.77512922159093,191.95821365625,197.48428344332387,186.43214386917614
Piazza_et_al_2020,CRMS0605,0605_2,cs137_1,cs137,marsh,United States,Louisiana,0.8181818181818182,0.7727272727272727,0.02604798214705882,201.2798620454545,213.11985393048127,207.1998579879679,212.8238541333556,201.57586184258017
Piazza_et_al_2020,CRMS0605_H,0605_H_1,cs137_1,cs137,marsh,United States,Louisiana,0.7272727272727273,0.6818181818181818,0.01813865294,123.67263368181817,131.91747592727273,127.79505480454546,131.71135487113636,123.87875473795454
Piazza_et_al_2020,CRMS0605_H,0605_H_2,cs137_1,cs137,marsh,United States,Louisiana,0.6363636363636364,0.5909090909090909,0.016791019253846153,99.21965922727273,106.8519407062937,103.03579996678322,106.66113366931818,99.41046626424826
Piazza_et_al_2020,CRMS0610,0610_2,cs137_1,cs137,marsh,United States,Louisiana,0.8181818181818182,0.7727272727272727,0.012863601235294116,99.400555,105.24764647058824,102.32410073529411,105.10146918382353,99.54673228676471
Piazza_et_al_2020,CRMS0610_H,0610_H_1,cs137_1,cs137,marsh,United States,Louisiana,0.5,0.4545454545454546,0.02046081721,93.0037145909091,102.30408605,97.65390032045454,102.07157676352273,93.23622387738637
Piazza_et_al_2020,CRMS0610_H,0610_H_2,cs137_1,cs137,marsh,United States,Louisiana,0.5,0.4545454545454546,0.02276513113,103.47786877272729,113.82565565,108.65176221136365,113.56696097806818,103.73656344465911
Piazza_et_al_2020,CRMS0651,0651_1,cs137_1,cs137,marsh,United States,Louisiana,0.4545454545454546,0.4090909090909091,0.04073128727777778,166.62799340909092,185.1422148989899,175.8851041540404,184.67935936174243,167.09084894633838
Piazza_et_al_2020,CRMS0651,0651_2,cs137_1,cs137,marsh,United States,Louisiana,0.3181818181818182,0.2727272727272727,0.030352630033333335,82.7799000909091,96.57655010606061,89.67822509848486,96.23163385568182,83.12481634128788
Piazza_et_al_2020,CRMS0651_H,0651_H_1,cs137_1,cs137,marsh,United States,Louisiana,0.4545454545454546,0.4090909090909091,0.027757239655555554,113.55234404545455,126.16927116161617,119.86080760353536,125.85384798371213,113.86776722335858
Piazza_et_al_2020,CRMS0651_H,0651_H_2,cs137_1,cs137,marsh,United States,Louisiana,0.4545454545454546,0.4090909090909091,0.033621258433333336,137.5415117727273,152.823901969697,145.18270687121213,152.44184221477275,137.92357152765155
Piazza_et_al_2020,CRMS0669,0669_1,cs137_1,cs137,marsh,United States,Louisiana,0.4090909090909091,0.3636363636363637,0.0235494856125,85.63449313636366,96.3388047784091,90.98664895738638,96.07119698735796,85.90210092741479
Piazza_et_al_2020,CRMS0669,0669_2,cs137_1,cs137,marsh,United States,Louisiana,0.4545454545454546,0.4090909090909091,0.02391707207777778,97.8425675909091,108.713963989899,103.27826579040405,108.44217907992424,98.11435250088384
Piazza_et_al_2020,CRMS0672,0672_1,cs137_1,cs137,marsh,United States,Louisiana,0.4090909090909091,0.3636363636363637,0.0242792822875,88.28829922727274,99.32433663068181,93.80631792897728,99.04843569559658,88.56420016235798
Piazza_et_al_2020,CRMS0672,0672_2,cs137_1,cs137,marsh,United States,Louisiana,0.4090909090909091,0.3636363636363637,0.028557483425000002,103.84539427272729,116.8260685568182,110.33573141477274,116.50155169971593,104.16991112982956
Piazza_et_al_2020,CRMS0672_H,0672_H_1,cs137_1,cs137,marsh,United States,Louisiana,0.3181818181818182,0.2727272727272727,0.02298140468333333,62.676558227272714,73.1226512651515,67.8996047462121,72.86149893920454,62.93771055321968
Piazza_et_al_2020,CRMS0672_H,0672_H_2,cs137_1,cs137,marsh,United States,Louisiana,0.4090909090909091,0.3636363636363637,0.024387742575,88.68270027272729,99.76803780681819,94.22536903977274,99.49090436846592,88.95983371107955
Piazza_et_al_2020,CRMS1277,1277_1,cs137_1,cs137,marsh,United States,Louisiana,0.2272727272727273,0.18181818181818185,0.018157768549999998,33.01412463636364,41.267655795454544,37.140890215909096,41.061317516477274,33.22046291534091
Piazza_et_al_2020,CRMS1277,1277_2,cs137_1,cs137,marsh,United States,Louisiana,0.4090909090909091,0.3636363636363637,0.017084578375,62.12573954545456,69.89145698863636,66.00859826704546,69.69731405255682,62.3198824815341
Piazza_et_al_2020,CRMS1277_H,1277_H_2,cs137_1,cs137,marsh,United States,Louisiana,0.6363636363636364,0.5909090909090909,0.013330785484615384,78.77282331818182,84.83227126573426,81.80254729195804,84.68078506704545,78.92430951687064
Piazza_et_al_2020,CRMS2156,2156_1,cs137_1,cs137,marsh,United States,Louisiana,0.3181818181818182,0.2727272727272727,0.028492867366666667,77.7078200909091,90.65912343939394,84.18347176515152,90.33534085568182,78.03160267462121
Shaw_et_al_2020,GCREW,CB109,cs137_1,cs137,marsh,United States,Maryland,0.3137254901960784,0.27450980392156865,0.04004665407788253,109.9319915863442,125.63656181296479,117.7842766996545,125.24394755729926,110.32460584200972
Shaw_et_al_2020,GCREW,CB109,hh_1,horizon,marsh,United States,Maryland,0.35294117647058826,0.2352941176470588,0.03892510407883983,91.58848018550547,137.38272027825823,114.48560023188185,136.23786427593942,92.73333618782429
Shaw_et_al_2020,GCREW,CB109,hh_2,horizon,marsh,United States,Maryland,0.55,0.3,0.04004665407788253,120.13996223364758,220.25659742835393,170.19827983100075,217.75368154848627,122.64287811351524
Shaw_et_al_2020,GCREW,CB109,hh_3,horizon,marsh,United States,Maryland,0.31666666666666665,0.25,0.04004665407788253,100.11663519470632,126.81440457996133,113.46551988733383,126.14696034532996,100.7840794293377
Shaw_et_al_2020,GCREW,CB109,hh_4,horizon,marsh,United States,Maryland,0.2835820895522388,0.208955223880597,0.042373067071143994,88.54073716358447,120.16242900772177,104.35158308565312,119.37188671161834,89.3312794596879
Shaw_et_al_2020,GCREW,CB109,hh_5,horizon,marsh,United States,Maryland,0.2195121951219512,0.17073170731707318,0.042373067071143994,72.34426085317267,93.01404966836485,82.67915526076877,92.49730494798504,72.86100557355248
Shaw_et_al_2020,GCREW,CB109,hh_6,horizon,marsh,United States,Maryland,0.2948717948717949,0.2307692307692308,0.041194956765632194,95.06528484376662,121.47230841147956,108.26879662762309,120.81213282228674,95.72546043295944
Shaw_et_al_2020,GCREW,CB109,hh_7,horizon,marsh,United States,Maryland,0.23931623931623933,0.20512820512820512,0.04026625210718907,82.59744021987501,96.36368025652085,89.48056023819794,96.01952425560471,82.94159622079115
Smith_et_al_2015,09WCC01,09WCC01_01,cs137_1,cs137,marsh,United States,Louisiana,0.5217391304347826,0.4782608695652174,0.027057129237401643,129.40366157018178,141.16763080383464,135.2856461870082,140.87353157299333,129.6977608010231
Smith_et_al_2015,09WCC01,09WCC01_02,cs137_1,cs137,marsh,United States,Louisiana,0.391304347826087,0.34782608695652173,0.029995967353009197,104.33379948872764,117.37552442481861,110.85466195677313,117.04948130141634,104.6598426121299
Smith_et_al_2015,09WCC01,09WCC01_03,cs137_1,cs137,marsh,United States,Louisiana,0.5217391304347826,0.4782608695652174,0.029216696763595548,139.7320279998048,152.4349396361507,146.08348381797776,152.11736684524203,140.04960079071347
Smith_et_al_2015,09WCC01,09WCC01_06,cs137_1,cs137,marsh,United States,Louisiana,0.6086956521739131,0.5652173913043478,0.03076067392870746,173.86467872747693,187.2388847834367,180.55178175545683,186.9045296320377,174.19903387887592
Smith_et_al_2015,09WCC01,09WCC01_09,cs137_1,cs137,marsh,United States,Louisiana,0.5217391304347826,0.4782608695652174,0.02382109075428417,113.92695578135907,124.28395176148263,119.10545377142085,124.02502686197954,114.18588068086216
Snedden_2018,173,173_1,cs137_1,cs137,marsh,United States,Louisiana,0.6037735849056604,0.5660377358490566,0.02055062,116.32426415094339,124.0792150943396,120.2017396226415,123.88534132075469,116.5181379245283
Snedden_2018,189,189_1,cs137_1,cs137,marsh,United States,Louisiana,0.6037735849056604,0.5660377358490566,0.02749173333333333,155.61358490566036,165.98782389937102,160.8007044025157,165.72846792452825,155.87294088050314
Snedden_2018,192,192_1,cs137_1,cs137,marsh,United States,Louisiana,0.3018867924528302,0.2641509433962264,0.027359142857142856,72.26943396226415,82.59363881401617,77.43153638814016,82.33553369272238,72.52753908355794
Snedden_2018,211,211_1,cs137_1,cs137,marsh,United States,Louisiana,0.6037735849056604,0.5660377358490566,0.021312133333333334,120.63471698113207,128.6770314465409,124.65587421383648,128.47597358490566,120.8357748427673
Snedden_2018,224,224_1,cs137_1,cs137,marsh,United States,Louisiana,0.7547169811320755,0.71698113207547165,0.024478515789473684,175.5063396226415,184.7435153922542,180.12492750744786,184.5125859980139,175.7372690168818
Snedden_2018,225,225_1,cs137_1,cs137,marsh,United States,Louisiana,0.6792452830188679,0.6415094339622641,0.027443682352941177,176.05381132075473,186.40991786903442,181.23186459489457,186.1510152053274,176.31271398446174
Snedden_2018,237,237_1,cs137_1,cs137,marsh,United States,Louisiana,0.5660377358490566,0.5283018867924528,0.024429035714285716,129.0590566037736,138.27756064690027,133.66830862533692,138.0470980458221,129.28951920485176
Snedden_2018,261,261_1,cs137_1,cs137,marsh,United States,Louisiana,0.981132075471698,0.9433962264150944,0.03425992,323.2067924528302,336.1350641509434,329.67092830188676,335.81185735849056,323.529999245283
Snedden_2018,273,273_1,cs137_1,cs137,marsh,United States,Louisiana,0.6792452830188679,0.6415094339622641,0.027761764705882354,178.09433962264148,188.57047724750277,183.33240843507213,188.30857380688124,178.356243063263
Snedden_2018,3054,3054_1,cs137_1,cs137,marsh,United States,Louisiana,0.6037735849056604,0.5660377358490566,0.029546666666666666,167.24528301886792,178.3949685534591,172.82012578616352,178.11622641509433,167.5240251572327
Snedden_2018,3166,3166_1,cs137_1,cs137,marsh,United States,Louisiana,0.71698113207547165,0.6792452830188679,0.02576938888888889,175.03735849056602,184.76165618448638,179.8995073375262,184.51854874213836,175.28046593291404
Snedden_2018,3169,3169_1,cs137_1,cs137,marsh,United States,Louisiana,0.9433962264150944,0.9056603773584906,0.0278068625,251.83573584905662,262.328891509434,257.0823136792453,262.0665626179246,252.09806474056606
Snedden_2018,3565,3565_1,cs137_1,cs137,marsh,United States,Louisiana,0.6415094339622641,0.6037735849056604,0.0244133875,147.40158490566037,156.61418396226415,152.00788443396226,156.38386898584906,147.63189988207546
Snedden_2018,3617,3617_1,cs137_1,cs137,marsh,United States,Louisiana,0.33962264150943394,0.3018867924528302,0.02853875,86.15471698113207,96.92405660377358,91.53938679245283,96.65482311320754,86.4239504716981
Snedden_2018,3985,3985_1,cs137_1,cs137,marsh,United States,Louisiana,0.5283018867924528,0.49056603773584906,0.03217892307692308,157.8588679245283,170.00185776487663,163.93036284470247,169.69828301886793,158.16244267053702
Snedden_2018,4529,4529_1,cs137_1,cs137,marsh,United States,Louisiana,0.6037735849056604,0.5660377358490566,0.015129179999999999,85.6368679245283,91.34599245283017,88.49143018867923,91.20326433962262,85.77959603773586
Snedden_2021,Breton_Sound_Basin,Breton_12,cs137_1,cs137,marsh,United States,Louisiana,0.8444444444444444,0.8,0.03241511111111111,259.3208888888889,273.7276049382716,266.5242469135802,273.36743703703706,259.6810567901234
Snedden_2021,Breton_Sound_Basin,Breton_14,cs137_1,cs137,marsh,United States,Louisiana,0.9777777777777776,0.9333333333333332,0.021792714285714283,203.3986666666666,213.08431746031738,208.241492063492,212.8421761904761,203.64080793650788
Snedden_2021,Breton_Sound_Basin,Breton_18,cs137_1,cs137,marsh,United States,Louisiana,0.56,0.52,0.02049453846153846,106.57159999999999,114.76941538461539,110.6705076923077,114.56447,106.77654538461537
Snedden_2021,Breton_Sound_Basin,Breton_2,cs137_1,cs137,marsh,United States,Louisiana,0.8444444444444444,0.8,0.03748133333333333,299.85066666666665,316.509037037037,308.1798518518518,316.0925777777777,300.26712592592594
Snedden_2021,Breton_Sound_Basin,Breton_20,cs137_1,cs137,marsh,United States,Louisiana,0.72,0.68,0.014323764705882354,97.40160000000002,103.13110588235294,100.26635294117648,102.98786823529412,97.54483764705884
Snedden_2021,Breton_Sound_Basin,Breton_21,cs137_1,cs137,marsh,United States,Louisiana,0.72,0.68,0.011896294117647059,80.89480000000002,85.65331764705883,83.27405882352943,85.53435470588235,81.0137629411765
Snedden_2021,Breton_Sound_Basin,Breton_23,cs137_1,cs137,marsh,United States,Louisiana,0.96,0.92,0.011681782608695653,107.47240000000002,112.14511304347826,109.80875652173914,112.0282952173913,107.58921782608698
Snedden_2021,Breton_Sound_Basin,Breton_25,cs137_1,cs137,marsh,United States,Louisiana,0.8,0.76,0.015471578947368421,117.584,123.77263157894738,120.67831578947369,123.6179157894737,117.73871578947369
Snedden_2021,Breton_Sound_Basin,Breton_3,cs137_1,cs137,marsh,United States,Louisiana,0.7555555555555555,0.7111111111111111,0.0268639375,191.03244444444445,202.97197222222223,197.00220833333333,202.6734840277778,191.3309326388889
Snedden_2021,Breton_Sound_Basin,Breton_5,cs137_1,cs137,marsh,United States,Louisiana,0.9333333333333332,0.8888888888888888,0.02597305,230.87155555555555,242.41513333333333,236.64334444444444,242.12654388888888,231.160145
Snedden_2021,Breton_Sound_Basin,Breton_6,cs137_1,cs137,marsh,United States,Louisiana,0.5777777777777777,0.5333333333333333,0.030051166666666667,160.2728888888889,173.62896296296296,166.95092592592593,173.2950611111111,160.60679074074076
Snedden_2021,Breton_Sound_Basin,Breton_7,cs137_1,cs137,marsh,United States,Louisiana,0.9333333333333332,0.8888888888888888,0.02515025,223.55777777777777,234.73566666666665,229.1467222222222,234.45621944444443,223.837225
Snedden_2021,Breton_Sound_Basin,Breton_8,cs137_1,cs137,marsh,United States,Louisiana,0.6666666666666666,0.6222222222222222,0.024279571428571428,151.07288888888888,161.86380952380952,156.46834920634922,161.5940365079365,151.3426619047619
Snedden_2021,Breton_Sound_Basin,Breton_9,cs137_1,cs137,marsh,United States,Louisiana,0.7555555555555555,0.7111111111111111,0.0221655625,157.6217777777778,167.47313888888888,162.54745833333334,167.2268548611111,157.86806180555558
Vaughn_et_al_2020,St_Augustine,St_Augustine_Salt_Marsh,cs137_1,cs137,marsh,United States,Florida,0.14814814814814814,0.1111111111111111,0.007069976026914574,7.85552891879397,10.47403855839196,9.164783738592966,10.40857581740201,7.92099165978392
Vaughn_et_al_2020,St_Augustine,St_Augustine_Transition,cs137_1,cs137,scrub/shrub,United States,Florida,0.14814814814814814,0.1111111111111111,0.012952343361467404,14.391492623852672,19.18865683180356,16.790074727828117,19.068727726604788,14.511421729051444
Vaughn_et_al_2020,Waccasassa_Bay,Waccasassa_Bay_Mangrove,cs137_1,cs137,scrub/shrub,United States,Florida,0.43636363636363634,0.3636363636363637,0.0066297327279550575,24.108119010745668,28.929742812894794,26.51893091182023,28.809202217841065,24.228659605799397
Vaughn_et_al_2020,Waccasassa_Bay,Waccasassa_Bay_Transition,cs137_1,cs137,scrub/shrub,United States,Florida,0.5454545454545454,0.509090909090909,0.011667077794083158,59.396032406241524,63.63860614954449,61.51731927789301,63.53254180596192,59.5020967498241
Wang_et_al_2023,Spring_Creek,Spring_Creek,cs137_1,cs137,marsh,United States,New York,0.3137254901960784,0.19607843137254904,0.04319183333333333,84.68986928104576,135.50379084967318,110.09683006535947,134.2334428104575,85.96021732026145
Weston_et_al_2023,Altamaha,ALT_3,cs137_1,cs137,marsh,United States,Georgia,0.16172506738544473,0.13477088948787064,0.03278758129307042,44.188114950229675,53.025737940275604,48.60692644525264,52.80479736552446,44.40905552498082
Weston_et_al_2023,Altamaha,ALT_5,cs137_1,cs137,marsh,United States,Georgia,0.39491004826678416,0.3729706011408518,0.014741774154774116,54.98248368388774,58.216747429998776,56.59961555694326,58.135890836346,55.06334027754052
Weston_et_al_2023,Altamaha,ALT_6,cs137_1,cs137,marsh,United States,Georgia,0.30660377358490565,0.2830188679245283,0.02107467525264406,59.64530731880394,64.61574959537093,62.130528457087436,64.49148853845675,59.76956837571811
Weston_et_al_2023,Altamaha,ALT_9,cs137_1,cs137,marsh,United States,Georgia,0.2245283018867925,0.2020754716981132,0.01977146193545493,39.95327496768345,44.39252774187051,42.17290135477698,44.28154642251583,40.06425628703813
Weston_et_al_2023,Cape Fear,CPF_2,cs137_1,cs137,marsh,United States,North Carolina,0.39245283018867927,0.3188679245283019,0.03168112313677065,101.02093981347622,124.3334643858169,112.67720209964656,123.75065127150837,101.60375292778474
Weston_et_al_2023,Cape Fear,CPF_4,cs137_1,cs137,marsh,United States,North Carolina,0.3059663437021928,0.25497195308516063,0.016524891851073347,42.13383949789227,50.56060739747072,46.34722344768149,50.34993819998125,42.34450869538173
Weston_et_al_2023,Cape Fear,CPF_6,cs137_1,cs137,marsh,United States,North Carolina,0.3291509433962264,0.3072075471698113,0.013827381544717353,42.478759681337344,45.512956801432864,43.99585824138511,45.43710187343048,42.55461460933973
Weston_et_al_2023,Cape Fear,CPF_7,cs137_1,cs137,marsh,United States,North Carolina,0.3212075471698113,0.2609811320754717,0.012479541388888567,32.569248394548424,40.08522879329037,36.3272385939194,39.897329283321824,32.75714790451697
Weston_et_al_2023,Connecticut,CON_1,cs137_1,cs137,marsh,United States,Connecticut,0.34425,0.32399999999999995,0.02888303388166851,93.58102977660597,99.42984413764385,96.50543695712491,99.28362377861791,93.72725013563192
Weston_et_al_2023,Connecticut,CON_2,cs137_1,cs137,marsh,United States,Connecticut,0.30201923076923076,0.2818846153846154,0.028649232379696465,80.75777850415209,86.52619125444865,83.64198487930037,86.38198093569123,80.9019888229095
Weston_et_al_2023,Connecticut,CON_8,cs137_1,cs137,marsh,United States,Connecticut,0.4007692307692308,0.3807307692307692,0.023759278099989976,90.45888227376952,95.21987607765215,92.83937917571083,95.10085123255507,90.57790711886659
Weston_et_al_2023,Delaware,DEL_3,cs137_1,cs137,marsh,United States,New Jersey,0.5339999999999999,0.5142222222222222,0.03316173993247732,170.52503600833893,177.08369123942884,173.8043636238839,176.9197248586516,170.68900238911618
Weston_et_al_2023,Delaware,DEL_5,cs137_1,cs137,marsh,United States,New Jersey,0.529,0.5094074074074074,0.030841539400172244,157.1090862629515,163.15174342691117,160.13041484493135,163.00067699781218,157.2601526920505
Weston_et_al_2023,Delaware,DEL_9,cs137_1,cs137,marsh,United States,Delaware,0.6497777777777778,0.6115555555555555,0.021462294822973987,131.2538563396098,139.45722236083543,135.3555393502226,139.2521382103048,131.45894049014044
Weston_et_al_2023,Edisto,EDS_1,cs137_1,cs137,marsh,United States,South Carolina,0.2777777777777778,0.25462962962962965,0.024396018368910626,62.11949121713354,67.7667176914184,64.94310445427598,67.62553702956129,62.260671878990664
Weston_et_al_2023,Edisto,EDS_10,cs137_1,cs137,marsh,United States,South Carolina,0.06444444444444443,0.04296296296296296,0.020703071195957296,8.894652810114986,13.341979215172476,11.118316012643731,13.230796055046039,9.005835970241423
Weston_et_al_2023,Edisto,EDS_5,cs137_1,cs137,marsh,United States,South Carolina,0.2524444444444444,0.23140740740740745,0.019732540878877214,45.66256126341661,49.81370319645447,47.738132229935545,49.70992464812852,45.76633981174256
Weston_et_al_2023,Edisto,EDS_9,cs137_1,cs137,marsh,United States,South Carolina,0.1853703703703704,0.15888888888888889,0.006270115606730315,9.962517019582611,11.622936522846382,10.792726771214497,11.581426035264787,10.004027507164205
Weston_et_al_2023,James,JMS_2,cs137_1,cs137,marsh,United States,Virginia,0.6611818181818182,0.6422909090909091,0.0276301159772622,177.46572309322988,182.68530318420724,180.07551313871858,182.5548136819328,177.5962125955043
Weston_et_al_2023,James,JMS_3,cs137_1,cs137,marsh,United States,Virginia,0.5462545454545454,0.5274181818181818,0.031633792450277906,166.842372981393,172.8010291592999,169.82170107034645,172.65206275485224,166.99133938584066
Weston_et_al_2023,James,JMS_4,cs137_1,cs137,marsh,United States,Virginia,0.5238545454545455,0.5051454545454546,0.03275039159534867,165.43711448974037,171.56441502639743,168.5007647580689,171.411232512981,165.5902970031568
Weston_et_al_2023,Kennebec,KEN_1,cs137_1,cs137,marsh,United States,Maine,0.513622641509434,0.4938679245283019,0.033844979861219295,167.1494995976255,173.83547958153054,170.492489589578,173.6683300819329,167.31664909722312
Weston_et_al_2023,Kennebec,KEN_7,cs137_1,cs137,marsh,United States,Maine,0.2220754716981132,0.20188679245283017,0.04432815489639331,89.49269007385064,98.44195908123571,93.96732457754317,98.21822735605107,89.71642179903526
Weston_et_al_2023,Kennebec,KEN_8,cs137_1,cs137,marsh,United States,Maine,0.2736603773584906,0.23456603773584905,0.04378769674591948,102.71106527269264,119.82957615147475,111.2703207120837,119.40161337950519,103.13902804466218
Weston_et_al_2023,Plum Island Sound,PIE_1,cs137_1,cs137,marsh,United States,Massachusetts,0.4260576923076923,0.30432692307692305,0.03639020015234822,110.7451764251751,155.04324699524517,132.89421171021013,153.93579523099342,111.85262818942685
Weston_et_al_2023,Plum Island Sound,PIE_2,cs137_1,cs137,marsh,United States,Massachusetts,0.5942307692307692,0.5744230769230769,0.026687655372225876,153.3000511477667,158.58625980803453,155.94315547790063,158.45410459152782,153.4322063642734
Weston_et_al_2023,Plum Island Sound,PIE_7,cs137_1,cs137,marsh,United States,Massachusetts,0.26,0.24,0.041737921057143856,100.17101053714525,108.51859474857403,104.34480264285963,108.30990514328832,100.37970014243096
Weston_et_al_2023,Plum Island Sound,PIE_8,cs137_1,cs137,marsh,United States,Massachusetts,0.22423076923076923,0.20384615384615384,0.03252797114979947,66.30701811305276,72.93771992435803,69.6223690187054,72.7719523790754,66.4727856583354
Weston_et_al_2023,York,YRK_2,cs137_1,cs137,marsh,United States,Virginia,0.19036363636363637,0.17132727272727272,0.0385018654539865,65.96419603143904,73.29355114604338,69.62887358874121,73.11031726817828,66.14742990930415
Weston_et_al_2023,York,YRK_3,cs137_1,cs137,marsh,United States,Virginia,0.3955636363636364,0.3767272727272727,0.031077407359276065,117.07706917894545,122.93092263789275,120.0039959084191,122.78457630141907,117.22341551541913
Weston_et_al_2023,York,YRK_5,cs137_1,cs137,marsh,United States,Virginia,0.3603090909090909,0.34134545454545456,0.032458889317477604,110.79694328114992,116.95232901899158,113.87463615007076,116.79844437554553,110.95082792459597
